zone_seg,rush_seg,eps_list,factor_robust,worst_case_multiplier
core,0,"-0.3,-0.6,-0.9",1.2,1.0183993761470242
core,1,"-1.2,-1.4,-1.6",0.8,1.0456395525912732
mid,0,"-0.5,-0.8,-1.1",1.0,1.0
mid,1,"-1.0,-1.2,-1.4",1.0,1.0
outer,0,"-1.3,-1.5,-1.7",0.8,1.069234599991188
outer,1,"-1.3,-1.5,-1.7",0.8,1.069234599991188
